Execution,HD_P1,HD_P2,HD_BM,Succ_Crossover_ratio,Succ_Mutation_ratio,NFHT
26,0.0,0.0,0.125,0.267857143,0.128571429,0.14
Mean,0.0,0.0,0.125,0.267857143,0.128571429,0.14
Std,0.0,0.0,0.0,0.0,0.0,0.0
