Execution,HD_P1,HD_P2,HD_BM,Succ_Crossover_ratio,Succ_Mutation_ratio,NFHT
2,0.0,0.0,0.125,0.159615385,0.080769231,0.26
Mean,0.0,0.0,0.125,0.159615385,0.080769231,0.26
Std,0.0,0.0,0.0,0.0,0.0,0.0
